{
  "A": 0,
  "B": 1,
  "C": 2,
  "D": 3,
  "E": 4,
  "F": 5,
  "G": 6,
  "H": 7,
  "I": 8,
  "J": 9,
  "K": 10,
  "L": 11,
  "M": 12,
  "N": 13,
  "O": 14,
  "P": 15,
  "Q": 16,
  "R": 17,
  "S": 18,
  "T": 19,
  "U": 20,
  "V": 21,
  "W": 22,
  "Y": 23,
  "a": 24,
  "b": 25,
  "c": 26,
  "d": 27,
  "e": 28,
  "f": 29,
  "g": 30,
  "h": 31,
  "i": 32,
  "j": 33,
  "k": 34,
  "l": 35,
  "m": 36,
  "n": 37,
  "o": 38,
  "p": 39,
  "q": 40,
  "r": 41,
  "s": 42,
  "t": 43,
  "u": 44,
  "v": 45,
  "w": 46,
  "y": 47,
  "z": 48,
  "[UNK]": 49,
  "[PAD]": 50
}